"item_name","item_url","item_price","item_img","item_img_url","item_choice"
"10000mah相片充電器C1款(黑邊)","http://www.milokydream.com/gift/chargerc1","$238.00","http://www.milokydream.com/images/product/chargerc1/IMG_0155.JPG","http://www.milokydream.com/gift/chargerc1",""
"A4相片燈箱","http://www.milokydream.com/gift/a4lightbox","$258.00","http://www.milokydream.com/images/product/A4lightbox/mi_0015.JPG","http://www.milokydream.com/gift/a4lightbox","選項:
兩行相片+96張透明文字卡
兩行相片+一行文字+96張透明文字卡
三行相片+96張透明文字卡"
"A5相片燈箱","http://www.milokydream.com/gift/a5lightbox","$248.00","http://www.milokydream.com/images/product/A5lightbox/mi_0051.JPG","http://www.milokydream.com/gift/a5lightbox","選項:
兩行相片+96張透明文字卡
兩行相片+一行文字+96張透明文字卡
三行相片+96張透明文字卡"
"good手指獎座","http://www.milokydream.com/gift/thumbup","$165.00","http://www.milokydream.com/images/product/prizeg/IMG_1381.JPG","http://www.milokydream.com/gift/thumbup","高度:
100mm
120mm
260mm
280mm"
"Usb訂購","http://www.milokydream.com/gift/usb","$180.00","http://www.milokydream.com/images/product/usb/mi_043123.JPG","http://www.milokydream.com/gift/usb","容量:
8GB
16GB
32GB"
"人像可愛公仔匙扣","http://www.milokydream.com/gift/cartoon","$140.00","http://www.milokydream.com/images/product/cartoon/f.jpg","http://www.milokydream.com/gift/cartoon","公仔:
2個公仔(優惠價$140)
3個以上選這一個，每個$65/1個"
"來圖訂做手繪木掛飾","http://www.milokydream.com/gift/drawwood","$168.00","http://www.milokydream.com/images/product/drawwood/page4.jpg","http://www.milokydream.com/gift/drawwood","人數:
1人/寵物
2人/寵物
3人/寵物
4人/寵物"
"來圖訂做手繪鞋","http://www.milokydream.com/gift/drawshoes","$215.00","http://www.milokydream.com/images/product/shoe/mi_023754.JPG","http://www.milokydream.com/gift/drawshoes","款式:
超簡單圖案
一般圖案
複雜圖案"
"俾相訂製數字油畫","http://www.milokydream.com/gift/painting","$230.00","http://www.milokydream.com/images/product/painting/mi_000298.JPG","http://www.milokydream.com/gift/painting","尺寸:
30x40cm
40x50cm
40x55cm
40x60cm
45x60cm
50x50cm
50x60cm"
"奧斯卡金像獎","http://www.milokydream.com/gift/prizeoscar","$380.00","http://www.milokydream.com/images/product/prizeoscar/mi_020060.JPG","http://www.milokydream.com/gift/prizeoscar","文字款式:
雕刻文字
貼紙款文字"
"寵物小精靈捕捉輔助器","http://www.milokydream.com/gift/pokemangohk","$95.00","http://www.milokydream.com/images/product/pokemangohk/IMG_2284_1.jpg","http://www.milokydream.com/gift/pokemangohk","款式:
自訂名字
不用文字簡單版"
"心形相片水晶擺設","http://www.milokydream.com/gift/crystalheart","$150.00","http://www.milokydream.com/images/product/crystalheart/1.jpg","http://www.milokydream.com/gift/crystalheart",""
"心形相片獎座","http://www.milokydream.com/gift/prizea","$238.00","http://www.milokydream.com/images/product/prizea/IMG_9797.JPG","http://www.milokydream.com/gift/prizea","高度:
260mm"
"情比金堅金幣","http://www.milokydream.com/gift/coins","$250.00","http://www.milokydream.com/images/product/coins/IMG_2826.JPG","http://www.milokydream.com/gift/coins","款式:
一面相片一面文字
雙面都做相片"
"愛立方","http://www.milokydream.com/gift/lovecube","$250.00","http://www.milokydream.com/images/product/lovecube/mi_44507.JPG","http://www.milokydream.com/gift/lovecube","訂製內容:
木粒＊相片覆膜材料包
木粒＊製作完成品"
"抱你在心頭水晶金獎","http://www.milokydream.com/gift/prizeheart","$360.00","http://www.milokydream.com//images/product/prizeheart/mi_030648.JPG","http://www.milokydream.com/gift/prizeheart","文字款式:
雕刻文字"
"抱著地球金像獎座","http://www.milokydream.com/gift/prizeworld","$340.00","http://www.milokydream.com/images/product/prizeworld/mi_034075.JPG","http://www.milokydream.com/gift/prizeworld","文字款式:
雕刻文字"
"月球燈訂製","http://www.milokydream.com/gift/moonlight","$298.00","http://www.milokydream.com/images/product/moonlight/3.JPG","http://www.milokydream.com/gift/moonlight","尺寸選擇:
8cm
10cm
12cm
15cm
18cm
20cm"
"木刻相片匙扣","http://www.milokydream.com/gift/woodphotokey","$210.00","http://www.milokydream.com/images/product/wdpkey/mi_003797.JPG","http://www.milokydream.com/gift/woodphotokey","款式:
一面相片一面文字
雙面都做相片"
"木刻相片書","http://www.milokydream.com/gift/woodbook","$250.00","http://www.milokydream.com/images/product/woodbook/1.jpg","http://www.milokydream.com/gift/woodbook","雕刻選擇:
三面刻字+不刻相片款
一面相片+兩面文字款
兩面相片+一面文字款
三面相片+少量文字款"
"木質USB訂製","http://www.milokydream.com/gift/usbwood","$168.00","http://www.milokydream.com/images/product/usbwood/122.jpg","http://www.milokydream.com/gift/usbwood","材質:
胡桃木
天然竹
木質
碳化竹"
"皇冠金獎座","http://www.milokydream.com/gift/prizecrown","$335.00","http://www.milokydream.com/images/product/prizecrown/crown2.1.jpg","http://www.milokydream.com/gift/prizecrown","文字款式:
雕刻文字"
"相片files","http://www.milokydream.com/gift/photofiles","$75.00","http://www.milokydream.com/images/product/photofiles/2.jpg","http://www.milokydream.com/gift/photofiles","款式:
一面相片一面文字
雙面都做相片"
"相片圖釘畫","http://www.milokydream.com/gift/pin","$698.00","http://www.milokydream.com/images/product/pin/mi_045204.JPG","http://www.milokydream.com/gift/pin","尺寸選擇:
小圖釘 24寸(40cm x 52cm)
小圖釘 30寸(51cm x 67cm)
小圖釘 32寸(54cm x 71cm)
小圖釘 42寸(64cm x 84.5cm)
小圖釘 48寸(76cm x 100cm)
小圖釘 9999love款 (59cm x 58cm)
大圖釘 24寸(40cm x 52cm)
大圖釘 30寸(51cm x 67cm)
大圖釘 32寸(54cm x 71cm)
大圖釘 42寸(64cm x 84.5cm)
大圖釘 48寸(76cm x 100cm)
大圖釘 9999love款 (87.2cm x 89cm)"
"相片水晶匙扣","http://www.milokydream.com/gift/crystalkey","$100.00","http://www.milokydream.com/images/product/crystalkey/ckmain1.jpg","http://www.milokydream.com/gift/crystalkey",""
"相片膠框匙扣","http://www.milokydream.com/gift/cuskey","$30.00","http://www.milokydream.com/images/product/cuskey/mi_page.jpg","http://www.milokydream.com/gift/cuskey","* 形狀:
長方形花邊
正方形"
"相片訂做撲克牌","http://www.milokydream.com/gift/poker","$168.00","http://www.milokydream.com/images/product/card/163.jpg","http://www.milokydream.com/gift/poker","加配:
54相片+1背面相片
小禮袋+$10"
"相片香皂花水晶風車","http://www.milokydream.com/gift/crystalwindmill","$190.00","http://www.milokydream.com/images/product/crystalwindmill/IMG_2313.JPG","http://www.milokydream.com/gift/crystalwindmill","花的顏色:
紅色花
藍色花
香檳色花"
"立體夜燈雕刻透明相片","http://www.milokydream.com/gift/woodborder","$240.00","http://www.milokydream.com/images/product/woodborder/pic1.jpg","http://www.milokydream.com/gift/woodborder","選項:
松木LED燈框"
"立體線條燈","http://www.milokydream.com/gift/3dlinelight","$340.00","http://www.milokydream.com/images/product/3dlight/3d_000027.jpg","http://www.milokydream.com/gift/3dlinelight","樣式:
卡通
單人
情侶/雙人
現有款式(燈座款式有點不同)"
"紙雕畫","http://www.milokydream.com/gift/papercarving","$238.00","http://www.milokydream.com/images/product/papercarving/2.jpg","http://www.milokydream.com/gift/papercarving","尺寸:
8寸(17.8 x 22.9cm)
10寸(22.9 x 28cm)
12寸(28 x 33cm)
16寸(33 x 34.2cm)"
"自訂聖旨","http://www.milokydream.com/gift/edict","$165.00","http://www.milokydream.com/images/product/edict/mi_018930.JPG","http://www.milokydream.com/gift/edict","選購:
送紅色古典花紋禮盒
轉換黃金色錦盒+$50
加配托架+30"
"訂做A1砌圖","http://www.milokydream.com/gift/puzzlea1","$510.00","http://www.milokydream.com/images/product/A1/mi_008979.JPG","http://www.milokydream.com/gift/puzzlea1","送框款顏色:
粉色
藍色
白色
木雕花框"
"訂做A2砌圖","http://www.milokydream.com/gift/puzzlea2","$345.00","http://www.milokydream.com/images/product/A2/mi_039056.JPG","http://www.milokydream.com/gift/puzzlea2","框架選擇:
白木框
原木框
啡木框
木雕花框"
"訂做A3砌圖","http://www.milokydream.com/gift/puzzlea3","$178.00","http://www.milokydream.com/images/product/A3/mi_052381.JPG","http://www.milokydream.com/gift/puzzlea3","送框款顏色:
粉色
藍色
白色
木雕花框"
"訂做A4砌圖","http://www.milokydream.com/gift/puzzlea4","$130.00","http://www.milokydream.com/images/blogs/IMG_0637.JPG","http://www.milokydream.com/gift/puzzlea4","* 框架選擇:
白木框
綠色方形膠框
黃色方形膠框
啡木框
原木框
木雕花框 ( + $40.00 )"
"訂做A5砌圖","http://www.milokydream.com/gift/puzzlea5","$130.00","http://www.milokydream.com/images/product/A5/mi_036952.JPG","http://www.milokydream.com/gift/puzzlea5","送框款顏色:
粉色
藍色
白色
黃色(暫時缺貨)
綠色(暫時缺貨)
仿木色(暫時缺貨)"
"訂做相片杯","http://www.milokydream.com/gift/customcup","$135.00","http://www.milokydream.com/images/product/cup/mi_029770.JPG","http://www.milokydream.com/gift/customcup","加急:
需要+$45
不需要"
"訂做相片被","http://www.milokydream.com/gift/photoblanket","$220.00","http://www.milokydream.com/images/product/photoblanket/24.jpg","http://www.milokydream.com/gift/photoblanket","相片被尺寸:
120x80cm
100x150cm
120x175cm
150x200cm
150x220cm"
"訂做相片變色杯","http://www.milokydream.com/gift/customchangecolorcup","$135.00","http://www.milokydream.com/images/product/cup/page1.jpg","http://www.milokydream.com/gift/customchangecolorcup","加急:
需要+$45
不需要"
"訂做磁石相片菲林筒14格","http://www.milokydream.com/gift/film","$100.00","http://www.milokydream.com/images/product/film/IMG_0449.JPG","http://www.milokydream.com/gift/film","加急:
需要+$45
不需要"
"訂做磁石相片菲林筒22格","http://www.milokydream.com/gift/film22","$160.00","http://www.milokydream.com/images/product/film/IMG_2027.JPG","http://www.milokydream.com/gift/film22","加急:
需要+$45
不需要"
"訂做磁石相片菲林筒32格","http://www.milokydream.com/gift/film32","$200.00","http://www.milokydream.com/images/product/film/IMG_3637.JPG","http://www.milokydream.com/gift/film32","加急:
需要+$45
不需要"
"訂製人型/寵物型咕臣","http://www.milokydream.com/gift/shapecushion","$140.00","http://www.milokydream.com/images/product/shapecushion/scushion_0022.jpg","http://www.milokydream.com/gift/shapecushion","咕臣尺寸:
單面5-10cm(匙扣款式)
單面20cm
單面30cm
單面40cm
單面50cm
單面60cm
單面70cm"
"訂製名字8GBusb觸屏水晶原子筆","http://www.milokydream.com/gift/penusb","$195.00","http://www.milokydream.com/images/product/penusb/penusb_017a1.jpg","http://www.milokydream.com/gift/penusb","* 款式:
水晶筆+筆芯"
"訂製名字匙扣","http://www.milokydream.com/gift/key","$268.00","http://www.milokydream.com/images/product/key/mi_041949.JPG","http://www.milokydream.com/gift/key","顏色:
鍍白金色"
"訂製名字帽","http://www.milokydream.com/gift/namecap","$250.00","http://www.milokydream.com/images/product/cap/mi_014024.JPG","http://www.milokydream.com/gift/namecap","字數:
4字元以內
5個字以上"
"訂製名字心口針/扣針","http://www.milokydream.com/gift/namepin","$330.00","http://www.milokydream.com/images/product/namepin/01.jpg","http://www.milokydream.com/gift/namepin","顏色:
鍍白金色
鍍黃金色
鍍玫瑰金色"
"訂製名字戒指","http://www.milokydream.com/gift/ring","$280.00","http://www.milokydream.com/images/product/ring/mi_021427.JPG","http://www.milokydream.com/gift/ring","顏色:
鍍白金色
鍍黃金色
鍍玫瑰金色"
"訂製名字手鏈","http://www.milokydream.com/gift/hand","$260.00","http://www.milokydream.com/images/product/hand/mi_022242.JPG","http://www.milokydream.com/gift/hand","顏色:
鍍白金色
鍍黃金色
鍍玫瑰金色"
"訂製名字手鐲","http://www.milokydream.com/gift/bracelet","$350.00","http://www.milokydream.com/images/product/brac/mi_044572.JPG","http://www.milokydream.com/gift/bracelet","顏色:
鍍白金色
鍍黃金色
鍍玫瑰金色"
"訂製名字皮帶","http://www.milokydream.com/gift/belt","$420.00","http://www.milokydream.com/images/product/belt/IMG_2477.JPG","http://www.milokydream.com/gift/belt","11色顏色選擇:
紅色
黑色
橙色"
"訂製名字耳環","http://www.milokydream.com/gift/earings","$230.00","http://www.milokydream.com/images/product/ear/mi_030933.JPG","http://www.milokydream.com/gift/earings","顏色:
鍍白金色
鍍黃金色
鍍玫瑰金色"
"訂製名字觸屏水晶原子筆","http://www.milokydream.com/gift/cpen","$80.00","http://www.milokydream.com/images/product/cpen/pen010.jpg","http://www.milokydream.com/gift/cpen","款式:
水晶筆+筆芯
筆芯 (不可單獨購買)"
"訂製名字領帶夾","http://www.milokydream.com/gift/tieclips","$360.00","http://www.milokydream.com/images/product/tieclips/32.2.jpg","http://www.milokydream.com/gift/tieclips","顏色:
鍍白金色
鍍黃金色
鍍玫瑰金色"
"訂製名字頸鏈","http://www.milokydream.com/gift/necklace","$220.00","http://www.milokydream.com/images/product/neck/mi_010809.JPG","http://www.milokydream.com/gift/necklace","顏色:
鍍白金色
鍍黃金色
鍍玫瑰金色"
"訂製拳頭獎座","http://www.milokydream.com/gift/fist","$235.00","http://www.milokydream.com/images/product/prizefist/mi1.jpg","http://www.milokydream.com/gift/fist","高度:
160mm
290mm
310mm
330mm"
"訂製相片咕臣","http://www.milokydream.com/gift/photocushion","$135.00","http://www.milokydream.com/images/product/cushion/mi_000667.JPG","http://www.milokydream.com/gift/photocushion","質料:
A.韓國高密度緞面
B.超短毛毛絨面"
"訂製相片手鐲","http://www.milokydream.com/gift/braceletphoto","$368.00","http://www.milokydream.com/images/product/braceletphoto/braceletphoto7.jpg","http://www.milokydream.com/gift/braceletphoto","款式:
小寶貝手鐲連銀牌 相+字
成人手鐲連銀牌 相+字"
"訂製相片打火機","http://www.milokydream.com/gift/lighter","$165.00","http://www.milokydream.com/images/product/lighter/lpic2.jpg","http://www.milokydream.com/gift/lighter","款式:
單面金色(暫時缺貨)
單面銀色(暫時缺貨)
雙面金色
雙面銀色"
"訂製相片扭計骰","http://www.milokydream.com/gift/photocube","$155.00","http://www.milokydream.com/images/product/cube/mi_029284.JPG","http://www.milokydream.com/gift/photocube","尺寸款式:
3x3格(整個4.5x4.5cm)
3x3格(整個5.7x5.7cm)
2x2格(整個5x5cm)
4x4格(整個6x6cm)
5x5格(整個6.5x6.5cm)"
"訂製相片銀珠手鏈","http://www.milokydream.com/gift/handphoto","$268.00","http://www.milokydream.com/images/product/handphoto/24.jpg","http://www.milokydream.com/gift/handphoto","尺寸:
珠3mm x 牌15mm 相+字
珠4mm x 牌18mm 相+字
珠5mm x 牌18mm 相+字
珠6mm x 牌18mm 相+字
珠3mm x 牌15mm 相+相
珠4mm x 牌18mm 相+相
珠5mm x 牌18mm 相+相
珠6mm x 牌18mm 相+相"
"訂製相片鑽石畫","http://www.milokydream.com/gift/diamond","$265.00","http://www.milokydream.com/images/product/diamond/3.jpg","http://www.milokydream.com/gift/diamond","尺寸:
30x40cm
40x50cm
45x60cm"
"訂製相片頸鏈","http://www.milokydream.com/gift/neckphoto","$268.00","http://www.milokydream.com/images/product/neckphoto/1.jpg","http://www.milokydream.com/gift/neckphoto","尺寸:
牌15mm 相+字
牌15mm 相+相
牌15mm 簡單圖案
牌18mm 相+字
牌18mm 相+相
牌18mm 簡單圖案
牌24mm 相+字
牌24mm 相+相
牌24mm 簡單圖案"
"金銀銅廚師獎座","http://www.milokydream.com/gift/prizechef","$395.00","http://www.milokydream.com/images/product/prizechef/mi_029664.JPG","http://www.milokydream.com/gift/prizechef","顏色:
金
銀
銅"
"金銀銅獎牌","http://www.milokydream.com/gift/medal","$148.00","http://www.milokydream.com/images/product/pai/83_1.jpg","http://www.milokydream.com/gift/medal","顏色:
金
銀
銅"
"鑽石形彩燈相片水晶","http://www.milokydream.com/gift/crystaldiamond","$150.00","http://www.milokydream.com/images/product/crystaldiamond/4.jpg","http://www.milokydream.com/gift/crystaldiamond",""