{
 "item": [
  {
   "name": "10000mah相片充電器C1款(黑邊)",
   "url": "http://www.milokydream.com/gift/chargerc1",
   "price": "$238.00",
   "img": "http://www.milokydream.com/images/product/chargerc1/IMG_0155.JPG",
   "img_url": "http://www.milokydream.com/gift/chargerc1"
  },
  {
   "name": "A4相片燈箱",
   "url": "http://www.milokydream.com/gift/a4lightbox",
   "price": "$258.00",
   "img": "http://www.milokydream.com/images/product/A4lightbox/mi_0015.JPG",
   "img_url": "http://www.milokydream.com/gift/a4lightbox",
   "choice": "選項:\n兩行相片+96張透明文字卡\n兩行相片+一行文字+96張透明文字卡\n三行相片+96張透明文字卡"
  },
  {
   "name": "A5相片燈箱",
   "url": "http://www.milokydream.com/gift/a5lightbox",
   "price": "$248.00",
   "img": "http://www.milokydream.com/images/product/A5lightbox/mi_0051.JPG",
   "img_url": "http://www.milokydream.com/gift/a5lightbox",
   "choice": "選項:\n兩行相片+96張透明文字卡\n兩行相片+一行文字+96張透明文字卡\n三行相片+96張透明文字卡"
  },
  {
   "name": "good手指獎座",
   "url": "http://www.milokydream.com/gift/thumbup",
   "price": "$165.00",
   "img": "http://www.milokydream.com/images/product/prizeg/IMG_1381.JPG",
   "img_url": "http://www.milokydream.com/gift/thumbup",
   "choice": "高度:\n100mm\n120mm\n260mm\n280mm"
  },
  {
   "name": "Usb訂購",
   "url": "http://www.milokydream.com/gift/usb",
   "price": "$180.00",
   "img": "http://www.milokydream.com/images/product/usb/mi_043123.JPG",
   "img_url": "http://www.milokydream.com/gift/usb",
   "choice": "容量:\n8GB\n16GB\n32GB"
  },
  {
   "name": "人像可愛公仔匙扣",
   "url": "http://www.milokydream.com/gift/cartoon",
   "price": "$140.00",
   "img": "http://www.milokydream.com/images/product/cartoon/f.jpg",
   "img_url": "http://www.milokydream.com/gift/cartoon",
   "choice": "公仔:\n2個公仔(優惠價$140)\n3個以上選這一個，每個$65/1個"
  },
  {
   "name": "來圖訂做手繪木掛飾",
   "url": "http://www.milokydream.com/gift/drawwood",
   "price": "$168.00",
   "img": "http://www.milokydream.com/images/product/drawwood/page4.jpg",
   "img_url": "http://www.milokydream.com/gift/drawwood",
   "choice": "人數:\n1人/寵物\n2人/寵物\n3人/寵物\n4人/寵物"
  },
  {
   "name": "來圖訂做手繪鞋",
   "url": "http://www.milokydream.com/gift/drawshoes",
   "price": "$215.00",
   "img": "http://www.milokydream.com/images/product/shoe/mi_023754.JPG",
   "img_url": "http://www.milokydream.com/gift/drawshoes",
   "choice": "款式:\n超簡單圖案\n一般圖案\n複雜圖案"
  },
  {
   "name": "俾相訂製數字油畫",
   "url": "http://www.milokydream.com/gift/painting",
   "price": "$230.00",
   "img": "http://www.milokydream.com/images/product/painting/mi_000298.JPG",
   "img_url": "http://www.milokydream.com/gift/painting",
   "choice": "尺寸:\n30x40cm\n40x50cm\n40x55cm\n40x60cm\n45x60cm\n50x50cm\n50x60cm"
  },
  {
   "name": "奧斯卡金像獎",
   "url": "http://www.milokydream.com/gift/prizeoscar",
   "price": "$380.00",
   "img": "http://www.milokydream.com/images/product/prizeoscar/mi_020060.JPG",
   "img_url": "http://www.milokydream.com/gift/prizeoscar",
   "choice": "文字款式:\n雕刻文字\n貼紙款文字"
  },
  {
   "name": "寵物小精靈捕捉輔助器",
   "url": "http://www.milokydream.com/gift/pokemangohk",
   "price": "$95.00",
   "img": "http://www.milokydream.com/images/product/pokemangohk/IMG_2284_1.jpg",
   "img_url": "http://www.milokydream.com/gift/pokemangohk",
   "choice": "款式:\n自訂名字\n不用文字簡單版"
  },
  {
   "name": "心形相片水晶擺設",
   "url": "http://www.milokydream.com/gift/crystalheart",
   "price": "$150.00",
   "img": "http://www.milokydream.com/images/product/crystalheart/1.jpg",
   "img_url": "http://www.milokydream.com/gift/crystalheart"
  },
  {
   "name": "心形相片獎座",
   "url": "http://www.milokydream.com/gift/prizea",
   "price": "$238.00",
   "img": "http://www.milokydream.com/images/product/prizea/IMG_9797.JPG",
   "img_url": "http://www.milokydream.com/gift/prizea",
   "choice": "高度:\n260mm"
  },
  {
   "name": "情比金堅金幣",
   "url": "http://www.milokydream.com/gift/coins",
   "price": "$250.00",
   "img": "http://www.milokydream.com/images/product/coins/IMG_2826.JPG",
   "img_url": "http://www.milokydream.com/gift/coins",
   "choice": "款式:\n一面相片一面文字\n雙面都做相片"
  },
  {
   "name": "愛立方",
   "url": "http://www.milokydream.com/gift/lovecube",
   "price": "$250.00",
   "img": "http://www.milokydream.com/images/product/lovecube/mi_44507.JPG",
   "img_url": "http://www.milokydream.com/gift/lovecube",
   "choice": "訂製內容:\n木粒＊相片覆膜材料包\n木粒＊製作完成品"
  },
  {
   "name": "抱你在心頭水晶金獎",
   "url": "http://www.milokydream.com/gift/prizeheart",
   "price": "$360.00",
   "img": "http://www.milokydream.com//images/product/prizeheart/mi_030648.JPG",
   "img_url": "http://www.milokydream.com/gift/prizeheart",
   "choice": "文字款式:\n雕刻文字"
  },
  {
   "name": "抱著地球金像獎座",
   "url": "http://www.milokydream.com/gift/prizeworld",
   "price": "$340.00",
   "img": "http://www.milokydream.com/images/product/prizeworld/mi_034075.JPG",
   "img_url": "http://www.milokydream.com/gift/prizeworld",
   "choice": "文字款式:\n雕刻文字"
  },
  {
   "name": "月球燈訂製",
   "url": "http://www.milokydream.com/gift/moonlight",
   "price": "$298.00",
   "img": "http://www.milokydream.com/images/product/moonlight/3.JPG",
   "img_url": "http://www.milokydream.com/gift/moonlight",
   "choice": "尺寸選擇:\n8cm\n10cm\n12cm\n15cm\n18cm\n20cm"
  },
  {
   "name": "木刻相片匙扣",
   "url": "http://www.milokydream.com/gift/woodphotokey",
   "price": "$210.00",
   "img": "http://www.milokydream.com/images/product/wdpkey/mi_003797.JPG",
   "img_url": "http://www.milokydream.com/gift/woodphotokey",
   "choice": "款式:\n一面相片一面文字\n雙面都做相片"
  },
  {
   "name": "木刻相片書",
   "url": "http://www.milokydream.com/gift/woodbook",
   "price": "$250.00",
   "img": "http://www.milokydream.com/images/product/woodbook/1.jpg",
   "img_url": "http://www.milokydream.com/gift/woodbook",
   "choice": "雕刻選擇:\n三面刻字+不刻相片款\n一面相片+兩面文字款\n兩面相片+一面文字款\n三面相片+少量文字款"
  },
  {
   "name": "木質USB訂製",
   "url": "http://www.milokydream.com/gift/usbwood",
   "price": "$168.00",
   "img": "http://www.milokydream.com/images/product/usbwood/122.jpg",
   "img_url": "http://www.milokydream.com/gift/usbwood",
   "choice": "材質:\n胡桃木\n天然竹\n木質\n碳化竹"
  },
  {
   "name": "皇冠金獎座",
   "url": "http://www.milokydream.com/gift/prizecrown",
   "price": "$335.00",
   "img": "http://www.milokydream.com/images/product/prizecrown/crown2.1.jpg",
   "img_url": "http://www.milokydream.com/gift/prizecrown",
   "choice": "文字款式:\n雕刻文字"
  },
  {
   "name": "相片files",
   "url": "http://www.milokydream.com/gift/photofiles",
   "price": "$75.00",
   "img": "http://www.milokydream.com/images/product/photofiles/2.jpg",
   "img_url": "http://www.milokydream.com/gift/photofiles",
   "choice": "款式:\n一面相片一面文字\n雙面都做相片"
  },
  {
   "name": "相片圖釘畫",
   "url": "http://www.milokydream.com/gift/pin",
   "price": "$698.00",
   "img": "http://www.milokydream.com/images/product/pin/mi_045204.JPG",
   "img_url": "http://www.milokydream.com/gift/pin",
   "choice": "尺寸選擇:\n小圖釘 24寸(40cm x 52cm)\n小圖釘 30寸(51cm x 67cm)\n小圖釘 32寸(54cm x 71cm)\n小圖釘 42寸(64cm x 84.5cm)\n小圖釘 48寸(76cm x 100cm)\n小圖釘 9999love款 (59cm x 58cm)\n大圖釘 24寸(40cm x 52cm)\n大圖釘 30寸(51cm x 67cm)\n大圖釘 32寸(54cm x 71cm)\n大圖釘 42寸(64cm x 84.5cm)\n大圖釘 48寸(76cm x 100cm)\n大圖釘 9999love款 (87.2cm x 89cm)"
  },
  {
   "name": "相片水晶匙扣",
   "url": "http://www.milokydream.com/gift/crystalkey",
   "price": "$100.00",
   "img": "http://www.milokydream.com/images/product/crystalkey/ckmain1.jpg",
   "img_url": "http://www.milokydream.com/gift/crystalkey"
  },
  {
   "name": "相片膠框匙扣",
   "url": "http://www.milokydream.com/gift/cuskey",
   "price": "$30.00",
   "img": "http://www.milokydream.com/images/product/cuskey/mi_page.jpg",
   "img_url": "http://www.milokydream.com/gift/cuskey",
   "choice": "* 形狀:\n長方形花邊\n正方形"
  },
  {
   "name": "相片訂做撲克牌",
   "url": "http://www.milokydream.com/gift/poker",
   "price": "$168.00",
   "img": "http://www.milokydream.com/images/product/card/163.jpg",
   "img_url": "http://www.milokydream.com/gift/poker",
   "choice": "加配:\n54相片+1背面相片\n小禮袋+$10"
  },
  {
   "name": "相片香皂花水晶風車",
   "url": "http://www.milokydream.com/gift/crystalwindmill",
   "price": "$190.00",
   "img": "http://www.milokydream.com/images/product/crystalwindmill/IMG_2313.JPG",
   "img_url": "http://www.milokydream.com/gift/crystalwindmill",
   "choice": "花的顏色:\n紅色花\n藍色花\n香檳色花"
  },
  {
   "name": "立體夜燈雕刻透明相片",
   "url": "http://www.milokydream.com/gift/woodborder",
   "price": "$240.00",
   "img": "http://www.milokydream.com/images/product/woodborder/pic1.jpg",
   "img_url": "http://www.milokydream.com/gift/woodborder",
   "choice": "選項:\n松木LED燈框"
  },
  {
   "name": "立體線條燈",
   "url": "http://www.milokydream.com/gift/3dlinelight",
   "price": "$340.00",
   "img": "http://www.milokydream.com/images/product/3dlight/3d_000027.jpg",
   "img_url": "http://www.milokydream.com/gift/3dlinelight",
   "choice": "樣式:\n卡通\n單人\n情侶/雙人\n現有款式(燈座款式有點不同)"
  },
  {
   "name": "紙雕畫",
   "url": "http://www.milokydream.com/gift/papercarving",
   "price": "$238.00",
   "img": "http://www.milokydream.com/images/product/papercarving/2.jpg",
   "img_url": "http://www.milokydream.com/gift/papercarving",
   "choice": "尺寸:\n8寸(17.8 x 22.9cm)\n10寸(22.9 x 28cm)\n12寸(28 x 33cm)\n16寸(33 x 34.2cm)"
  },
  {
   "name": "自訂聖旨",
   "url": "http://www.milokydream.com/gift/edict",
   "price": "$165.00",
   "img": "http://www.milokydream.com/images/product/edict/mi_018930.JPG",
   "img_url": "http://www.milokydream.com/gift/edict",
   "choice": "選購:\n送紅色古典花紋禮盒\n轉換黃金色錦盒+$50\n加配托架+30"
  },
  {
   "name": "訂做A1砌圖",
   "url": "http://www.milokydream.com/gift/puzzlea1",
   "price": "$510.00",
   "img": "http://www.milokydream.com/images/product/A1/mi_008979.JPG",
   "img_url": "http://www.milokydream.com/gift/puzzlea1",
   "choice": "送框款顏色:\n粉色\n藍色\n白色\n木雕花框"
  },
  {
   "name": "訂做A2砌圖",
   "url": "http://www.milokydream.com/gift/puzzlea2",
   "price": "$345.00",
   "img": "http://www.milokydream.com/images/product/A2/mi_039056.JPG",
   "img_url": "http://www.milokydream.com/gift/puzzlea2",
   "choice": "框架選擇:\n白木框\n原木框\n啡木框\n木雕花框"
  },
  {
   "name": "訂做A3砌圖",
   "url": "http://www.milokydream.com/gift/puzzlea3",
   "price": "$178.00",
   "img": "http://www.milokydream.com/images/product/A3/mi_052381.JPG",
   "img_url": "http://www.milokydream.com/gift/puzzlea3",
   "choice": "送框款顏色:\n粉色\n藍色\n白色\n木雕花框"
  },
  {
   "name": "訂做A4砌圖",
   "url": "http://www.milokydream.com/gift/puzzlea4",
   "price": "$130.00",
   "img": "http://www.milokydream.com/images/blogs/IMG_0637.JPG",
   "img_url": "http://www.milokydream.com/gift/puzzlea4",
   "choice": "* 框架選擇:\n白木框\n綠色方形膠框\n黃色方形膠框\n啡木框\n原木框\n木雕花框 ( + $40.00 )"
  },
  {
   "name": "訂做A5砌圖",
   "url": "http://www.milokydream.com/gift/puzzlea5",
   "price": "$130.00",
   "img": "http://www.milokydream.com/images/product/A5/mi_036952.JPG",
   "img_url": "http://www.milokydream.com/gift/puzzlea5",
   "choice": "送框款顏色:\n粉色\n藍色\n白色\n黃色(暫時缺貨)\n綠色(暫時缺貨)\n仿木色(暫時缺貨)"
  },
  {
   "name": "訂做相片杯",
   "url": "http://www.milokydream.com/gift/customcup",
   "price": "$135.00",
   "img": "http://www.milokydream.com/images/product/cup/mi_029770.JPG",
   "img_url": "http://www.milokydream.com/gift/customcup",
   "choice": "加急:\n需要+$45\n不需要"
  },
  {
   "name": "訂做相片被",
   "url": "http://www.milokydream.com/gift/photoblanket",
   "price": "$220.00",
   "img": "http://www.milokydream.com/images/product/photoblanket/24.jpg",
   "img_url": "http://www.milokydream.com/gift/photoblanket",
   "choice": "相片被尺寸:\n120x80cm\n100x150cm\n120x175cm\n150x200cm\n150x220cm"
  },
  {
   "name": "訂做相片變色杯",
   "url": "http://www.milokydream.com/gift/customchangecolorcup",
   "price": "$135.00",
   "img": "http://www.milokydream.com/images/product/cup/page1.jpg",
   "img_url": "http://www.milokydream.com/gift/customchangecolorcup",
   "choice": "加急:\n需要+$45\n不需要"
  },
  {
   "name": "訂做磁石相片菲林筒14格",
   "url": "http://www.milokydream.com/gift/film",
   "price": "$100.00",
   "img": "http://www.milokydream.com/images/product/film/IMG_0449.JPG",
   "img_url": "http://www.milokydream.com/gift/film",
   "choice": "加急:\n需要+$45\n不需要"
  },
  {
   "name": "訂做磁石相片菲林筒22格",
   "url": "http://www.milokydream.com/gift/film22",
   "price": "$160.00",
   "img": "http://www.milokydream.com/images/product/film/IMG_2027.JPG",
   "img_url": "http://www.milokydream.com/gift/film22",
   "choice": "加急:\n需要+$45\n不需要"
  },
  {
   "name": "訂做磁石相片菲林筒32格",
   "url": "http://www.milokydream.com/gift/film32",
   "price": "$200.00",
   "img": "http://www.milokydream.com/images/product/film/IMG_3637.JPG",
   "img_url": "http://www.milokydream.com/gift/film32",
   "choice": "加急:\n需要+$45\n不需要"
  },
  {
   "name": "訂製人型/寵物型咕臣",
   "url": "http://www.milokydream.com/gift/shapecushion",
   "price": "$140.00",
   "img": "http://www.milokydream.com/images/product/shapecushion/scushion_0022.jpg",
   "img_url": "http://www.milokydream.com/gift/shapecushion",
   "choice": "咕臣尺寸:\n單面5-10cm(匙扣款式)\n單面20cm\n單面30cm\n單面40cm\n單面50cm\n單面60cm\n單面70cm"
  },
  {
   "name": "訂製名字8GBusb觸屏水晶原子筆",
   "url": "http://www.milokydream.com/gift/penusb",
   "price": "$195.00",
   "img": "http://www.milokydream.com/images/product/penusb/penusb_017a1.jpg",
   "img_url": "http://www.milokydream.com/gift/penusb",
   "choice": "* 款式:\n水晶筆+筆芯"
  },
  {
   "name": "訂製名字匙扣",
   "url": "http://www.milokydream.com/gift/key",
   "price": "$268.00",
   "img": "http://www.milokydream.com/images/product/key/mi_041949.JPG",
   "img_url": "http://www.milokydream.com/gift/key",
   "choice": "顏色:\n鍍白金色"
  },
  {
   "name": "訂製名字帽",
   "url": "http://www.milokydream.com/gift/namecap",
   "price": "$250.00",
   "img": "http://www.milokydream.com/images/product/cap/mi_014024.JPG",
   "img_url": "http://www.milokydream.com/gift/namecap",
   "choice": "字數:\n4字元以內\n5個字以上"
  },
  {
   "name": "訂製名字心口針/扣針",
   "url": "http://www.milokydream.com/gift/namepin",
   "price": "$330.00",
   "img": "http://www.milokydream.com/images/product/namepin/01.jpg",
   "img_url": "http://www.milokydream.com/gift/namepin",
   "choice": "顏色:\n鍍白金色\n鍍黃金色\n鍍玫瑰金色"
  },
  {
   "name": "訂製名字戒指",
   "url": "http://www.milokydream.com/gift/ring",
   "price": "$280.00",
   "img": "http://www.milokydream.com/images/product/ring/mi_021427.JPG",
   "img_url": "http://www.milokydream.com/gift/ring",
   "choice": "顏色:\n鍍白金色\n鍍黃金色\n鍍玫瑰金色"
  },
  {
   "name": "訂製名字手鏈",
   "url": "http://www.milokydream.com/gift/hand",
   "price": "$260.00",
   "img": "http://www.milokydream.com/images/product/hand/mi_022242.JPG",
   "img_url": "http://www.milokydream.com/gift/hand",
   "choice": "顏色:\n鍍白金色\n鍍黃金色\n鍍玫瑰金色"
  },
  {
   "name": "訂製名字手鐲",
   "url": "http://www.milokydream.com/gift/bracelet",
   "price": "$350.00",
   "img": "http://www.milokydream.com/images/product/brac/mi_044572.JPG",
   "img_url": "http://www.milokydream.com/gift/bracelet",
   "choice": "顏色:\n鍍白金色\n鍍黃金色\n鍍玫瑰金色"
  },
  {
   "name": "訂製名字皮帶",
   "url": "http://www.milokydream.com/gift/belt",
   "price": "$420.00",
   "img": "http://www.milokydream.com/images/product/belt/IMG_2477.JPG",
   "img_url": "http://www.milokydream.com/gift/belt",
   "choice": "11色顏色選擇:\n紅色\n黑色\n橙色"
  },
  {
   "name": "訂製名字耳環",
   "url": "http://www.milokydream.com/gift/earings",
   "price": "$230.00",
   "img": "http://www.milokydream.com/images/product/ear/mi_030933.JPG",
   "img_url": "http://www.milokydream.com/gift/earings",
   "choice": "顏色:\n鍍白金色\n鍍黃金色\n鍍玫瑰金色"
  },
  {
   "name": "訂製名字觸屏水晶原子筆",
   "url": "http://www.milokydream.com/gift/cpen",
   "price": "$80.00",
   "img": "http://www.milokydream.com/images/product/cpen/pen010.jpg",
   "img_url": "http://www.milokydream.com/gift/cpen",
   "choice": "款式:\n水晶筆+筆芯\n筆芯 (不可單獨購買)"
  },
  {
   "name": "訂製名字領帶夾",
   "url": "http://www.milokydream.com/gift/tieclips",
   "price": "$360.00",
   "img": "http://www.milokydream.com/images/product/tieclips/32.2.jpg",
   "img_url": "http://www.milokydream.com/gift/tieclips",
   "choice": "顏色:\n鍍白金色\n鍍黃金色\n鍍玫瑰金色"
  },
  {
   "name": "訂製名字頸鏈",
   "url": "http://www.milokydream.com/gift/necklace",
   "price": "$220.00",
   "img": "http://www.milokydream.com/images/product/neck/mi_010809.JPG",
   "img_url": "http://www.milokydream.com/gift/necklace",
   "choice": "顏色:\n鍍白金色\n鍍黃金色\n鍍玫瑰金色"
  },
  {
   "name": "訂製拳頭獎座",
   "url": "http://www.milokydream.com/gift/fist",
   "price": "$235.00",
   "img": "http://www.milokydream.com/images/product/prizefist/mi1.jpg",
   "img_url": "http://www.milokydream.com/gift/fist",
   "choice": "高度:\n160mm\n290mm\n310mm\n330mm"
  },
  {
   "name": "訂製相片咕臣",
   "url": "http://www.milokydream.com/gift/photocushion",
   "price": "$135.00",
   "img": "http://www.milokydream.com/images/product/cushion/mi_000667.JPG",
   "img_url": "http://www.milokydream.com/gift/photocushion",
   "choice": "質料:\nA.韓國高密度緞面\nB.超短毛毛絨面"
  },
  {
   "name": "訂製相片手鐲",
   "url": "http://www.milokydream.com/gift/braceletphoto",
   "price": "$368.00",
   "img": "http://www.milokydream.com/images/product/braceletphoto/braceletphoto7.jpg",
   "img_url": "http://www.milokydream.com/gift/braceletphoto",
   "choice": "款式:\n小寶貝手鐲連銀牌 相+字\n成人手鐲連銀牌 相+字"
  },
  {
   "name": "訂製相片打火機",
   "url": "http://www.milokydream.com/gift/lighter",
   "price": "$165.00",
   "img": "http://www.milokydream.com/images/product/lighter/lpic2.jpg",
   "img_url": "http://www.milokydream.com/gift/lighter",
   "choice": "款式:\n單面金色(暫時缺貨)\n單面銀色(暫時缺貨)\n雙面金色\n雙面銀色"
  },
  {
   "name": "訂製相片扭計骰",
   "url": "http://www.milokydream.com/gift/photocube",
   "price": "$155.00",
   "img": "http://www.milokydream.com/images/product/cube/mi_029284.JPG",
   "img_url": "http://www.milokydream.com/gift/photocube",
   "choice": "尺寸款式:\n3x3格(整個4.5x4.5cm)\n3x3格(整個5.7x5.7cm)\n2x2格(整個5x5cm)\n4x4格(整個6x6cm)\n5x5格(整個6.5x6.5cm)"
  },
  {
   "name": "訂製相片銀珠手鏈",
   "url": "http://www.milokydream.com/gift/handphoto",
   "price": "$268.00",
   "img": "http://www.milokydream.com/images/product/handphoto/24.jpg",
   "img_url": "http://www.milokydream.com/gift/handphoto",
   "choice": "尺寸:\n珠3mm x 牌15mm 相+字\n珠4mm x 牌18mm 相+字\n珠5mm x 牌18mm 相+字\n珠6mm x 牌18mm 相+字\n珠3mm x 牌15mm 相+相\n珠4mm x 牌18mm 相+相\n珠5mm x 牌18mm 相+相\n珠6mm x 牌18mm 相+相"
  },
  {
   "name": "訂製相片鑽石畫",
   "url": "http://www.milokydream.com/gift/diamond",
   "price": "$265.00",
   "img": "http://www.milokydream.com/images/product/diamond/3.jpg",
   "img_url": "http://www.milokydream.com/gift/diamond",
   "choice": "尺寸:\n30x40cm\n40x50cm\n45x60cm"
  },
  {
   "name": "訂製相片頸鏈",
   "url": "http://www.milokydream.com/gift/neckphoto",
   "price": "$268.00",
   "img": "http://www.milokydream.com/images/product/neckphoto/1.jpg",
   "img_url": "http://www.milokydream.com/gift/neckphoto",
   "choice": "尺寸:\n牌15mm 相+字\n牌15mm 相+相\n牌15mm 簡單圖案\n牌18mm 相+字\n牌18mm 相+相\n牌18mm 簡單圖案\n牌24mm 相+字\n牌24mm 相+相\n牌24mm 簡單圖案"
  },
  {
   "name": "金銀銅廚師獎座",
   "url": "http://www.milokydream.com/gift/prizechef",
   "price": "$395.00",
   "img": "http://www.milokydream.com/images/product/prizechef/mi_029664.JPG",
   "img_url": "http://www.milokydream.com/gift/prizechef",
   "choice": "顏色:\n金\n銀\n銅"
  },
  {
   "name": "金銀銅獎牌",
   "url": "http://www.milokydream.com/gift/medal",
   "price": "$148.00",
   "img": "http://www.milokydream.com/images/product/pai/83_1.jpg",
   "img_url": "http://www.milokydream.com/gift/medal",
   "choice": "顏色:\n金\n銀\n銅"
  },
  {
   "name": "鑽石形彩燈相片水晶",
   "url": "http://www.milokydream.com/gift/crystaldiamond",
   "price": "$150.00",
   "img": "http://www.milokydream.com/images/product/crystaldiamond/4.jpg",
   "img_url": "http://www.milokydream.com/gift/crystaldiamond"
  }
 ]
}